{"cameraMode":{"drawMode":0,"name":"Shaded","section":"Shading Mode"},"sceneLighting":true,"audioPlay":false,"sceneViewState":{"showFog":true,"showMaterialUpdate":false,"showSkybox":true,"showFlares":true,"showImageEffects":true,"showParticleSystems":true},"in2DMode":false,"pivot":{"x":13.644343376159668,"y":52.768497467041019,"z":62.91868209838867},"rotation":{"x":-0.011111987754702568,"y":0.9089300632476807,"z":-0.41609540581703188,"w":-0.02427312359213829},"size":10.0,"orthographic":false}