{"cameraMode":{"drawMode":0,"name":"Shaded","section":"Shading Mode"},"sceneLighting":false,"audioPlay":false,"sceneViewState":{"showFog":true,"showMaterialUpdate":false,"showSkybox":true,"showFlares":true,"showImageEffects":true,"showParticleSystems":true},"in2DMode":false,"pivot":{"x":37.926422119140628,"y":1.488385796546936,"z":0.4665713310241699},"rotation":{"x":0.1897198110818863,"y":-0.769868791103363,"z":0.2665567100048065,"w":0.548003077507019},"size":2.8578836917877199,"orthographic":false}