{"cameraMode":{"drawMode":0,"name":"Shaded","section":"Shading Mode"},"sceneLighting":true,"audioPlay":false,"sceneViewState":{"showFog":true,"showMaterialUpdate":false,"showSkybox":true,"showFlares":true,"showImageEffects":true,"showParticleSystems":true},"in2DMode":false,"pivot":{"x":41.059383392333987,"y":12.640937805175782,"z":-19.943706512451173},"rotation":{"x":0.2747580111026764,"y":0.07951951026916504,"z":-0.02277875505387783,"w":0.9579864144325256},"size":4.041658401489258,"orthographic":false}